DDInterID_A,Drug_A,DDInterID_B,Drug_B,Level
DDInter1841,Tramadol,DDInter393,Clarithromycin,Moderate
DDInter1841,Tramadol,DDInter1055,Levofloxacin,Major
DDInter1841,Tramadol,DDInter1202,Metronidazole,Minor
DDInter1841,Tramadol,DDInter1244,Morphine,Major
DDInter1010,Ketorolac,DDInter826,Glipizide,Moderate
DDInter1010,Ketorolac,DDInter831,Glyburide,Moderate
DDInter1010,Ketorolac,DDInter1055,Levofloxacin,Moderate
DDInter1164,Metformin,DDInter1010,Ketorolac,Moderate
DDInter1010,Ketorolac,DDInter1515,Prednisone,Moderate
DDInter900,Ibuprofen,DDInter826,Glipizide,Moderate
DDInter831,Glyburide,DDInter900,Ibuprofen,Moderate
DDInter900,Ibuprofen,DDInter1055,Levofloxacin,Moderate
DDInter1164,Metformin,DDInter900,Ibuprofen,Moderate
DDInter1515,Prednisone,DDInter900,Ibuprofen,Moderate
DDInter1091,Loratadine,DDInter393,Clarithromycin,Minor
DDInter883,Hydrochlorothiazide,DDInter826,Glipizide,Moderate
DDInter883,Hydrochlorothiazide,DDInter831,Glyburide,Moderate
DDInter1164,Metformin,DDInter883,Hydrochlorothiazide,Moderate
DDInter1244,Morphine,DDInter883,Hydrochlorothiazide,Moderate
DDInter1340,Omeprazole,DDInter883,Hydrochlorothiazide,Moderate
DDInter1388,Pantoprazole,DDInter883,Hydrochlorothiazide,Moderate
DDInter1515,Prednisone,DDInter883,Hydrochlorothiazide,Moderate
DDInter1244,Morphine,DDInter343,Cetirizine,Moderate
DDInter1164,Metformin,DDInter336,Celecoxib,Moderate
DDInter1164,Metformin,DDInter339,Cephalexin,Moderate
DDInter1164,Metformin,DDInter384,Ciprofloxacin,Moderate
DDInter1164,Metformin,DDInter393,Clarithromycin,Moderate
DDInter1164,Metformin,DDInter537,Diclofenac,Moderate
DDInter1164,Metformin,DDInter638,Enalapril,Moderate
DDInter1164,Metformin,DDInter790,Furosemide,Moderate
DDInter1164,Metformin,DDInter826,Glipizide,Moderate
DDInter1164,Metformin,DDInter831,Glyburide,Moderate
DDInter1164,Metformin,DDInter1055,Levofloxacin,Moderate
DDInter1164,Metformin,DDInter1064,Levothyroxine,Moderate
DDInter1244,Morphine,DDInter1164,Metformin,Moderate
DDInter1164,Metformin,DDInter1266,Naproxen,Moderate
DDInter1460,Phenytoin,DDInter1164,Metformin,Moderate
DDInter1164,Metformin,DDInter1515,Prednisone,Moderate
DDInter1164,Metformin,DDInter1707,Spironolactone,Moderate
DDInter1164,Metformin,DDInter1874,Trimethoprim,Moderate
DDInter1164,Metformin,DDInter1928,Verapamil,Moderate
DDInter1164,Metformin,DDInter1951,Warfarin,Moderate
DDInter79,Amlodipine,DDInter393,Clarithromycin,Moderate
DDInter1244,Morphine,DDInter79,Amlodipine,Moderate
DDInter79,Amlodipine,DDInter1515,Prednisone,Moderate
DDInter79,Amlodipine,DDInter1675,Simvastatin,Major
DDInter133,Atorvastatin,DDInter393,Clarithromycin,Major
DDInter336,Celecoxib,DDInter826,Glipizide,Moderate
DDInter336,Celecoxib,DDInter831,Glyburide,Moderate
DDInter336,Celecoxib,DDInter1055,Levofloxacin,Moderate
DDInter336,Celecoxib,DDInter1202,Metronidazole,Moderate
DDInter157,Azithromycin,DDInter83,Amoxicillin,Minor
DDInter83,Amoxicillin,DDInter393,Clarithromycin,Minor
DDInter670,Erythromycin,DDInter83,Amoxicillin,Minor
DDInter1951,Warfarin,DDInter83,Amoxicillin,Moderate
DDInter89,Ampicillin,DDInter393,Clarithromycin,Minor
DDInter393,Clarithromycin,DDInter108,Apixaban,Moderate
DDInter1244,Morphine,DDInter293,Carbamazepine,Moderate
DDInter1244,Morphine,DDInter336,Celecoxib,Moderate
DDInter388,Citalopram,DDInter1244,Morphine,Moderate
DDInter1244,Morphine,DDInter413,Clopidogrel,Moderate
DDInter1244,Morphine,DDInter638,Enalapril,Moderate
DDInter1244,Morphine,DDInter672,Escitalopram,Moderate
DDInter1244,Morphine,DDInter758,Fluoxetine,Moderate
DDInter1244,Morphine,DDInter790,Furosemide,Moderate
DDInter1244,Morphine,DDInter989,Isosorbide dinitrate,Moderate
DDInter1244,Morphine,DDInter1079,Lisinopril,Moderate
DDInter1244,Morphine,DDInter1095,Losartan,Moderate
DDInter1200,Metoprolol,DDInter1244,Morphine,Moderate
DDInter1244,Morphine,DDInter1304,Nitroglycerin,Moderate
DDInter1244,Morphine,DDInter1366,Oxycodone,Major
DDInter1460,Phenytoin,DDInter1244,Morphine,Moderate
DDInter1244,Morphine,DDInter1539,Propranolol,Moderate
DDInter1244,Morphine,DDInter1662,Sertraline,Moderate
DDInter1666,Sildenafil,DDInter1244,Morphine,Moderate
DDInter1244,Morphine,DDInter1707,Spironolactone,Moderate
DDInter1915,Valsartan,DDInter1244,Morphine,Moderate
DDInter1927,Venlafaxine,DDInter1244,Morphine,Moderate
DDInter1244,Morphine,DDInter1928,Verapamil,Minor
DDInter1340,Omeprazole,DDInter133,Atorvastatin,Moderate
DDInter388,Citalopram,DDInter1340,Omeprazole,Major
DDInter1340,Omeprazole,DDInter393,Clarithromycin,Minor
DDInter1340,Omeprazole,DDInter413,Clopidogrel,Major
DDInter743,Fluconazole,DDInter1340,Omeprazole,Moderate
DDInter1340,Omeprazole,DDInter790,Furosemide,Moderate
DDInter1340,Omeprazole,DDInter1064,Levothyroxine,Moderate
DDInter1460,Phenytoin,DDInter1340,Omeprazole,Moderate
DDInter1340,Omeprazole,DDInter1675,Simvastatin,Moderate
DDInter1202,Metronidazole,DDInter133,Atorvastatin,Moderate
DDInter1388,Pantoprazole,DDInter133,Atorvastatin,Moderate
DDInter133,Atorvastatin,DDInter1622,Rosuvastatin,Moderate
DDInter1675,Simvastatin,DDInter133,Atorvastatin,Moderate
DDInter157,Azithromycin,DDInter393,Clarithromycin,Moderate
DDInter157,Azithromycin,DDInter1055,Levofloxacin,Moderate
DDInter157,Azithromycin,DDInter1202,Metronidazole,Minor
DDInter157,Azithromycin,DDInter1675,Simvastatin,Moderate
DDInter293,Carbamazepine,DDInter1202,Metronidazole,Moderate
DDInter1242,Montelukast,DDInter1202,Metronidazole,Moderate
DDInter1460,Phenytoin,DDInter1202,Metronidazole,Moderate
DDInter1202,Metronidazole,DDInter1622,Rosuvastatin,Moderate
DDInter1675,Simvastatin,DDInter1202,Metronidazole,Moderate
DDInter1951,Warfarin,DDInter1202,Metronidazole,Major
DDInter537,Diclofenac,DDInter826,Glipizide,Moderate
DDInter537,Diclofenac,DDInter831,Glyburide,Moderate
DDInter537,Diclofenac,DDInter1055,Levofloxacin,Moderate
DDInter537,Diclofenac,DDInter1515,Prednisone,Moderate
DDInter293,Carbamazepine,DDInter393,Clarithromycin,Major
DDInter293,Carbamazepine,DDInter1515,Prednisone,Moderate
DDInter293,Carbamazepine,DDInter1675,Simvastatin,Moderate
DDInter1707,Spironolactone,DDInter1515,Prednisone,Moderate
DDInter336,Celecoxib,DDInter1515,Prednisone,Moderate
DDInter384,Ciprofloxacin,DDInter393,Clarithromycin,Moderate
DDInter384,Ciprofloxacin,DDInter826,Glipizide,Major
DDInter384,Ciprofloxacin,DDInter831,Glyburide,Major
DDInter384,Ciprofloxacin,DDInter1202,Metronidazole,Minor
DDInter1340,Omeprazole,DDInter384,Ciprofloxacin,Minor
DDInter384,Ciprofloxacin,DDInter1515,Prednisone,Major
DDInter384,Ciprofloxacin,DDInter1675,Simvastatin,Moderate
DDInter388,Citalopram,DDInter393,Clarithromycin,Major
DDInter388,Citalopram,DDInter826,Glipizide,Moderate
DDInter388,Citalopram,DDInter831,Glyburide,Moderate
DDInter388,Citalopram,DDInter1055,Levofloxacin,Major
DDInter388,Citalopram,DDInter1202,Metronidazole,Minor
DDInter413,Clopidogrel,DDInter393,Clarithromycin,Moderate
DDInter670,Erythromycin,DDInter393,Clarithromycin,Major
DDInter672,Escitalopram,DDInter393,Clarithromycin,Major
DDInter743,Fluconazole,DDInter393,Clarithromycin,Minor
DDInter758,Fluoxetine,DDInter393,Clarithromycin,Moderate
DDInter826,Glipizide,DDInter393,Clarithromycin,Moderate
DDInter831,Glyburide,DDInter393,Clarithromycin,Moderate
DDInter1055,Levofloxacin,DDInter393,Clarithromycin,Moderate
DDInter1202,Metronidazole,DDInter393,Clarithromycin,Minor
DDInter1366,Oxycodone,DDInter393,Clarithromycin,Major
DDInter1460,Phenytoin,DDInter393,Clarithromycin,Moderate
DDInter1515,Prednisone,DDInter393,Clarithromycin,Moderate
DDInter393,Clarithromycin,DDInter1609,Rivaroxaban,Moderate
DDInter1662,Sertraline,DDInter393,Clarithromycin,Moderate
DDInter1666,Sildenafil,DDInter393,Clarithromycin,Major
DDInter1675,Simvastatin,DDInter393,Clarithromycin,Major
DDInter1724,Sulfamethoxazole,DDInter393,Clarithromycin,Minor
DDInter1736,Tadalafil,DDInter393,Clarithromycin,Moderate
DDInter1927,Venlafaxine,DDInter393,Clarithromycin,Moderate
DDInter1928,Verapamil,DDInter393,Clarithromycin,Moderate
DDInter1951,Warfarin,DDInter393,Clarithromycin,Major
DDInter1388,Pantoprazole,DDInter413,Clopidogrel,Moderate
DDInter1928,Verapamil,DDInter831,Glyburide,Minor
DDInter1515,Prednisone,DDInter1928,Verapamil,Moderate
DDInter1675,Simvastatin,DDInter1928,Verapamil,Major
DDInter1164,Metformin,DDInter1079,Lisinopril,Moderate
DDInter670,Erythromycin,DDInter1055,Levofloxacin,Moderate
DDInter670,Erythromycin,DDInter1202,Metronidazole,Minor
DDInter670,Erythromycin,DDInter1515,Prednisone,Moderate
DDInter670,Erythromycin,DDInter1622,Rosuvastatin,Minor
DDInter670,Erythromycin,DDInter1675,Simvastatin,Major
DDInter638,Enalapril,DDInter826,Glipizide,Moderate
DDInter638,Enalapril,DDInter831,Glyburide,Moderate
DDInter638,Enalapril,DDInter1515,Prednisone,Moderate
DDInter1064,Levothyroxine,DDInter826,Glipizide,Moderate
DDInter1064,Levothyroxine,DDInter831,Glyburide,Moderate
DDInter1388,Pantoprazole,DDInter1064,Levothyroxine,Moderate
DDInter1064,Levothyroxine,DDInter1675,Simvastatin,Minor
DDInter1200,Metoprolol,DDInter826,Glipizide,Moderate
DDInter1200,Metoprolol,DDInter831,Glyburide,Moderate
DDInter1266,Naproxen,DDInter826,Glipizide,Moderate
DDInter1266,Naproxen,DDInter831,Glyburide,Moderate
DDInter1266,Naproxen,DDInter1055,Levofloxacin,Moderate
DDInter1340,Omeprazole,DDInter1266,Naproxen,Moderate
DDInter1388,Pantoprazole,DDInter1266,Naproxen,Moderate
DDInter1515,Prednisone,DDInter1266,Naproxen,Moderate
DDInter758,Fluoxetine,DDInter826,Glipizide,Moderate
DDInter758,Fluoxetine,DDInter831,Glyburide,Moderate
DDInter1340,Omeprazole,DDInter672,Escitalopram,Moderate
DDInter1340,Omeprazole,DDInter989,Isosorbide dinitrate,Minor
DDInter1340,Omeprazole,DDInter1304,Nitroglycerin,Minor
DDInter1340,Omeprazole,DDInter1951,Warfarin,Moderate
DDInter1915,Valsartan,DDInter1515,Prednisone,Moderate
DDInter1539,Propranolol,DDInter826,Glipizide,Moderate
DDInter1539,Propranolol,DDInter831,Glyburide,Moderate
DDInter1724,Sulfamethoxazole,DDInter826,Glipizide,Moderate
DDInter1724,Sulfamethoxazole,DDInter831,Glyburide,Moderate
DDInter1724,Sulfamethoxazole,DDInter1055,Levofloxacin,Minor
DDInter1202,Metronidazole,DDInter1724,Sulfamethoxazole,Minor
DDInter1951,Warfarin,DDInter826,Glipizide,Moderate
DDInter1951,Warfarin,DDInter831,Glyburide,Moderate
DDInter1951,Warfarin,DDInter1055,Levofloxacin,Major
DDInter1388,Pantoprazole,DDInter1951,Warfarin,Moderate
DDInter1515,Prednisone,DDInter1951,Warfarin,Moderate
DDInter1951,Warfarin,DDInter1622,Rosuvastatin,Moderate
DDInter1675,Simvastatin,DDInter1951,Warfarin,Minor
DDInter1055,Levofloxacin,DDInter672,Escitalopram,Major
DDInter743,Fluconazole,DDInter1055,Levofloxacin,Moderate
DDInter758,Fluoxetine,DDInter1055,Levofloxacin,Moderate
DDInter826,Glipizide,DDInter1055,Levofloxacin,Major
DDInter831,Glyburide,DDInter1055,Levofloxacin,Major
DDInter1202,Metronidazole,DDInter1055,Levofloxacin,Minor
DDInter1515,Prednisone,DDInter1055,Levofloxacin,Major
DDInter1662,Sertraline,DDInter1055,Levofloxacin,Moderate
DDInter1927,Venlafaxine,DDInter1055,Levofloxacin,Moderate
DDInter1079,Lisinopril,DDInter826,Glipizide,Moderate
DDInter1079,Lisinopril,DDInter831,Glyburide,Moderate
DDInter1515,Prednisone,DDInter1079,Lisinopril,Moderate
DDInter1515,Prednisone,DDInter1095,Losartan,Moderate
DDInter1200,Metoprolol,DDInter1515,Prednisone,Moderate
DDInter1202,Metronidazole,DDInter672,Escitalopram,Minor
DDInter743,Fluconazole,DDInter1202,Metronidazole,Minor
DDInter758,Fluoxetine,DDInter1202,Metronidazole,Minor
DDInter1202,Metronidazole,DDInter1662,Sertraline,Minor
DDInter1927,Venlafaxine,DDInter1202,Metronidazole,Minor
DDInter1340,Omeprazole,DDInter826,Glipizide,Minor
DDInter1340,Omeprazole,DDInter831,Glyburide,Minor
DDInter743,Fluconazole,DDInter1388,Pantoprazole,Moderate
DDInter1388,Pantoprazole,DDInter790,Furosemide,Moderate
DDInter1388,Pantoprazole,DDInter1675,Simvastatin,Moderate
DDInter1460,Phenytoin,DDInter826,Glipizide,Moderate
DDInter1460,Phenytoin,DDInter831,Glyburide,Moderate
DDInter1460,Phenytoin,DDInter1515,Prednisone,Moderate
DDInter743,Fluconazole,DDInter1515,Prednisone,Moderate
DDInter1515,Prednisone,DDInter790,Furosemide,Moderate
DDInter1515,Prednisone,DDInter826,Glipizide,Moderate
DDInter1515,Prednisone,DDInter831,Glyburide,Moderate
DDInter1539,Propranolol,DDInter1515,Prednisone,Moderate
DDInter743,Fluconazole,DDInter1622,Rosuvastatin,Minor
DDInter1675,Simvastatin,DDInter1622,Rosuvastatin,Moderate
DDInter826,Glipizide,DDInter1662,Sertraline,Moderate
DDInter831,Glyburide,DDInter1662,Sertraline,Moderate
DDInter743,Fluconazole,DDInter1675,Simvastatin,Major
DDInter826,Glipizide,DDInter672,Escitalopram,Moderate
DDInter831,Glyburide,DDInter672,Escitalopram,Moderate
DDInter743,Fluconazole,DDInter826,Glipizide,Major
DDInter743,Fluconazole,DDInter831,Glyburide,Major
DDInter790,Furosemide,DDInter826,Glipizide,Moderate
DDInter790,Furosemide,DDInter831,Glyburide,Moderate
DDInter1915,Valsartan,DDInter1675,Simvastatin,Unknown
DDInter1915,Valsartan,DDInter1622,Rosuvastatin,Unknown
DDInter1915,Valsartan,DDInter393,Clarithromycin,Unknown
DDInter1841,Tramadol,DDInter1675,Simvastatin,Unknown
DDInter1841,Tramadol,DDInter1622,Rosuvastatin,Unknown
DDInter743,Fluconazole,DDInter1244,Morphine,Unknown
DDInter743,Fluconazole,DDInter1164,Metformin,Unknown
DDInter670,Erythromycin,DDInter1388,Pantoprazole,Unknown
DDInter670,Erythromycin,DDInter1244,Morphine,Unknown
DDInter670,Erythromycin,DDInter1164,Metformin,Unknown
DDInter670,Erythromycin,DDInter1340,Omeprazole,Unknown
DDInter670,Erythromycin,DDInter831,Glyburide,Unknown
DDInter670,Erythromycin,DDInter826,Glipizide,Unknown
DDInter1666,Sildenafil,DDInter1675,Simvastatin,Unknown
DDInter1666,Sildenafil,DDInter1622,Rosuvastatin,Unknown
DDInter157,Azithromycin,DDInter1388,Pantoprazole,Unknown
DDInter157,Azithromycin,DDInter1244,Morphine,Unknown
DDInter157,Azithromycin,DDInter1164,Metformin,Unknown
DDInter157,Azithromycin,DDInter1340,Omeprazole,Unknown
DDInter157,Azithromycin,DDInter1515,Prednisone,Unknown
DDInter157,Azithromycin,DDInter831,Glyburide,Unknown
DDInter157,Azithromycin,DDInter826,Glipizide,Unknown
DDInter157,Azithromycin,DDInter1622,Rosuvastatin,Unknown
DDInter1915,Valsartan,DDInter1388,Pantoprazole,Unknown
DDInter1841,Tramadol,DDInter1388,Pantoprazole,Unknown
DDInter1666,Sildenafil,DDInter1388,Pantoprazole,Unknown
DDInter1388,Pantoprazole,DDInter1927,Venlafaxine,Unknown
DDInter1388,Pantoprazole,DDInter1707,Spironolactone,Unknown
DDInter1388,Pantoprazole,DDInter1874,Trimethoprim,Unknown
DDInter1388,Pantoprazole,DDInter1242,Montelukast,Unknown
DDInter1388,Pantoprazole,DDInter1539,Propranolol,Unknown
DDInter1388,Pantoprazole,DDInter1515,Prednisone,Unknown
DDInter1388,Pantoprazole,DDInter1736,Tadalafil,Unknown
DDInter1388,Pantoprazole,DDInter1622,Rosuvastatin,Unknown
DDInter1388,Pantoprazole,DDInter1662,Sertraline,Unknown
DDInter1388,Pantoprazole,DDInter393,Clarithromycin,Unknown
DDInter1388,Pantoprazole,DDInter388,Citalopram,Unknown
DDInter388,Citalopram,DDInter1164,Metformin,Unknown
DDInter388,Citalopram,DDInter1515,Prednisone,Unknown
DDInter388,Citalopram,DDInter1675,Simvastatin,Unknown
DDInter388,Citalopram,DDInter1622,Rosuvastatin,Unknown
DDInter1388,Pantoprazole,DDInter1460,Phenytoin,Unknown
DDInter1460,Phenytoin,DDInter1675,Simvastatin,Unknown
DDInter1460,Phenytoin,DDInter83,Amoxicillin,Unknown
DDInter1460,Phenytoin,DDInter1622,Rosuvastatin,Unknown
DDInter1388,Pantoprazole,DDInter1200,Metoprolol,Unknown
DDInter1200,Metoprolol,DDInter1340,Omeprazole,Unknown
DDInter1200,Metoprolol,DDInter1675,Simvastatin,Unknown
DDInter1200,Metoprolol,DDInter1202,Metronidazole,Unknown
DDInter1200,Metoprolol,DDInter1622,Rosuvastatin,Unknown
DDInter1200,Metoprolol,DDInter393,Clarithromycin,Unknown
DDInter1927,Venlafaxine,DDInter1675,Simvastatin,Unknown
DDInter1927,Venlafaxine,DDInter1622,Rosuvastatin,Unknown
DDInter1388,Pantoprazole,DDInter1244,Morphine,Unknown
DDInter1244,Morphine,DDInter1340,Omeprazole,Unknown
DDInter1244,Morphine,DDInter1874,Trimethoprim,Unknown
DDInter1244,Morphine,DDInter1242,Montelukast,Unknown
DDInter1244,Morphine,DDInter1515,Prednisone,Unknown
DDInter1244,Morphine,DDInter1675,Simvastatin,Unknown
DDInter1244,Morphine,DDInter1951,Warfarin,Unknown
DDInter1244,Morphine,DDInter1736,Tadalafil,Unknown
DDInter1244,Morphine,DDInter1622,Rosuvastatin,Unknown
DDInter1244,Morphine,DDInter393,Clarithromycin,Unknown
DDInter1388,Pantoprazole,DDInter14,Acetaminophen,Unknown
DDInter1244,Morphine,DDInter14,Acetaminophen,Unknown
DDInter14,Acetaminophen,DDInter1164,Metformin,Unknown
DDInter14,Acetaminophen,DDInter1340,Omeprazole,Unknown
DDInter14,Acetaminophen,DDInter1515,Prednisone,Unknown
DDInter14,Acetaminophen,DDInter1675,Simvastatin,Unknown
DDInter14,Acetaminophen,DDInter1202,Metronidazole,Unknown
DDInter14,Acetaminophen,DDInter831,Glyburide,Unknown
DDInter14,Acetaminophen,DDInter83,Amoxicillin,Unknown
DDInter14,Acetaminophen,DDInter826,Glipizide,Unknown
DDInter14,Acetaminophen,DDInter1622,Rosuvastatin,Unknown
DDInter14,Acetaminophen,DDInter393,Clarithromycin,Unknown
DDInter1915,Valsartan,DDInter1164,Metformin,Unknown
DDInter1841,Tramadol,DDInter1164,Metformin,Unknown
DDInter1666,Sildenafil,DDInter1164,Metformin,Unknown
DDInter1388,Pantoprazole,DDInter1164,Metformin,Unknown
DDInter1200,Metoprolol,DDInter1164,Metformin,Unknown
DDInter1927,Venlafaxine,DDInter1164,Metformin,Unknown
DDInter1164,Metformin,DDInter1340,Omeprazole,Unknown
DDInter1164,Metformin,DDInter1242,Montelukast,Unknown
DDInter1164,Metformin,DDInter1366,Oxycodone,Unknown
DDInter1164,Metformin,DDInter1539,Propranolol,Unknown
DDInter1164,Metformin,DDInter1675,Simvastatin,Unknown
DDInter1164,Metformin,DDInter1304,Nitroglycerin,Unknown
DDInter1164,Metformin,DDInter1736,Tadalafil,Unknown
DDInter1164,Metformin,DDInter1202,Metronidazole,Unknown
DDInter1164,Metformin,DDInter1622,Rosuvastatin,Unknown
DDInter1164,Metformin,DDInter1662,Sertraline,Unknown
DDInter1915,Valsartan,DDInter1340,Omeprazole,Unknown
DDInter1841,Tramadol,DDInter1340,Omeprazole,Unknown
DDInter1666,Sildenafil,DDInter1340,Omeprazole,Unknown
DDInter1388,Pantoprazole,DDInter1340,Omeprazole,Unknown
DDInter1927,Venlafaxine,DDInter1340,Omeprazole,Unknown
DDInter1340,Omeprazole,DDInter1707,Spironolactone,Unknown
DDInter1340,Omeprazole,DDInter1874,Trimethoprim,Unknown
DDInter1340,Omeprazole,DDInter1242,Montelukast,Unknown
DDInter1340,Omeprazole,DDInter1366,Oxycodone,Unknown
DDInter1340,Omeprazole,DDInter1539,Propranolol,Unknown
DDInter1340,Omeprazole,DDInter1515,Prednisone,Unknown
DDInter1340,Omeprazole,DDInter1736,Tadalafil,Unknown
DDInter1340,Omeprazole,DDInter1622,Rosuvastatin,Unknown
DDInter1340,Omeprazole,DDInter1662,Sertraline,Unknown
DDInter1388,Pantoprazole,DDInter343,Cetirizine,Unknown
DDInter1164,Metformin,DDInter343,Cetirizine,Unknown
DDInter1340,Omeprazole,DDInter343,Cetirizine,Unknown
DDInter343,Cetirizine,DDInter1515,Prednisone,Unknown
DDInter343,Cetirizine,DDInter1675,Simvastatin,Unknown
DDInter343,Cetirizine,DDInter1202,Metronidazole,Unknown
DDInter343,Cetirizine,DDInter831,Glyburide,Unknown
DDInter343,Cetirizine,DDInter826,Glipizide,Unknown
DDInter343,Cetirizine,DDInter1622,Rosuvastatin,Unknown
DDInter343,Cetirizine,DDInter393,Clarithromycin,Unknown
DDInter1388,Pantoprazole,DDInter79,Amlodipine,Unknown
DDInter1164,Metformin,DDInter79,Amlodipine,Unknown
DDInter1340,Omeprazole,DDInter79,Amlodipine,Unknown
DDInter79,Amlodipine,DDInter1202,Metronidazole,Unknown
DDInter79,Amlodipine,DDInter831,Glyburide,Unknown
DDInter79,Amlodipine,DDInter83,Amoxicillin,Unknown
DDInter79,Amlodipine,DDInter826,Glipizide,Unknown
DDInter79,Amlodipine,DDInter1622,Rosuvastatin,Unknown
DDInter1388,Pantoprazole,DDInter89,Ampicillin,Unknown
DDInter1244,Morphine,DDInter89,Ampicillin,Unknown
DDInter1340,Omeprazole,DDInter89,Ampicillin,Unknown
DDInter89,Ampicillin,DDInter1515,Prednisone,Unknown
DDInter89,Ampicillin,DDInter1202,Metronidazole,Unknown
DDInter1707,Spironolactone,DDInter1675,Simvastatin,Unknown
DDInter1707,Spironolactone,DDInter1622,Rosuvastatin,Unknown
DDInter1707,Spironolactone,DDInter393,Clarithromycin,Unknown
DDInter1874,Trimethoprim,DDInter1675,Simvastatin,Unknown
DDInter1874,Trimethoprim,DDInter1622,Rosuvastatin,Unknown
DDInter1874,Trimethoprim,DDInter393,Clarithromycin,Unknown
DDInter1244,Morphine,DDInter1064,Levothyroxine,Unknown
DDInter1064,Levothyroxine,DDInter1515,Prednisone,Unknown
DDInter1064,Levothyroxine,DDInter1202,Metronidazole,Unknown
DDInter1064,Levothyroxine,DDInter83,Amoxicillin,Unknown
DDInter1064,Levothyroxine,DDInter1622,Rosuvastatin,Unknown
DDInter1064,Levothyroxine,DDInter393,Clarithromycin,Unknown
DDInter1388,Pantoprazole,DDInter1091,Loratadine,Unknown
DDInter1244,Morphine,DDInter1091,Loratadine,Unknown
DDInter1164,Metformin,DDInter1091,Loratadine,Unknown
DDInter1340,Omeprazole,DDInter1091,Loratadine,Unknown
DDInter1091,Loratadine,DDInter1515,Prednisone,Unknown
DDInter1091,Loratadine,DDInter1675,Simvastatin,Unknown
DDInter1091,Loratadine,DDInter1202,Metronidazole,Unknown
DDInter1091,Loratadine,DDInter1622,Rosuvastatin,Unknown
DDInter1388,Pantoprazole,DDInter1010,Ketorolac,Unknown
DDInter1244,Morphine,DDInter1010,Ketorolac,Unknown
DDInter1340,Omeprazole,DDInter1010,Ketorolac,Unknown
DDInter1010,Ketorolac,DDInter1675,Simvastatin,Unknown
DDInter1010,Ketorolac,DDInter1202,Metronidazole,Unknown
DDInter1010,Ketorolac,DDInter1622,Rosuvastatin,Unknown
DDInter1010,Ketorolac,DDInter393,Clarithromycin,Unknown
DDInter1388,Pantoprazole,DDInter758,Fluoxetine,Unknown
DDInter1164,Metformin,DDInter758,Fluoxetine,Unknown
DDInter1340,Omeprazole,DDInter758,Fluoxetine,Unknown
DDInter758,Fluoxetine,DDInter1515,Prednisone,Unknown
DDInter758,Fluoxetine,DDInter1675,Simvastatin,Unknown
DDInter758,Fluoxetine,DDInter1622,Rosuvastatin,Unknown
DDInter1388,Pantoprazole,DDInter336,Celecoxib,Unknown
DDInter1340,Omeprazole,DDInter336,Celecoxib,Unknown
DDInter336,Celecoxib,DDInter1675,Simvastatin,Unknown
DDInter336,Celecoxib,DDInter1622,Rosuvastatin,Unknown
DDInter336,Celecoxib,DDInter393,Clarithromycin,Unknown
DDInter1388,Pantoprazole,DDInter1366,Oxycodone,Unknown
DDInter1366,Oxycodone,DDInter1515,Prednisone,Unknown
DDInter1366,Oxycodone,DDInter1675,Simvastatin,Unknown
DDInter1366,Oxycodone,DDInter1622,Rosuvastatin,Unknown
DDInter1388,Pantoprazole,DDInter384,Ciprofloxacin,Unknown
DDInter1244,Morphine,DDInter384,Ciprofloxacin,Unknown
DDInter384,Ciprofloxacin,DDInter1622,Rosuvastatin,Unknown
DDInter1388,Pantoprazole,DDInter293,Carbamazepine,Unknown
DDInter1164,Metformin,DDInter293,Carbamazepine,Unknown
DDInter1340,Omeprazole,DDInter293,Carbamazepine,Unknown
DDInter293,Carbamazepine,DDInter831,Glyburide,Unknown
DDInter293,Carbamazepine,DDInter826,Glipizide,Unknown
DDInter293,Carbamazepine,DDInter1622,Rosuvastatin,Unknown
DDInter1388,Pantoprazole,DDInter339,Cephalexin,Unknown
DDInter1244,Morphine,DDInter339,Cephalexin,Unknown
DDInter1340,Omeprazole,DDInter339,Cephalexin,Unknown
DDInter339,Cephalexin,DDInter1515,Prednisone,Unknown
DDInter339,Cephalexin,DDInter1675,Simvastatin,Unknown
DDInter339,Cephalexin,DDInter1202,Metronidazole,Unknown
DDInter339,Cephalexin,DDInter831,Glyburide,Unknown
DDInter339,Cephalexin,DDInter826,Glipizide,Unknown
DDInter339,Cephalexin,DDInter1622,Rosuvastatin,Unknown
DDInter339,Cephalexin,DDInter393,Clarithromycin,Unknown
DDInter1539,Propranolol,DDInter1675,Simvastatin,Unknown
DDInter1539,Propranolol,DDInter1622,Rosuvastatin,Unknown
DDInter1539,Propranolol,DDInter393,Clarithromycin,Unknown
DDInter1388,Pantoprazole,DDInter638,Enalapril,Unknown
DDInter1340,Omeprazole,DDInter638,Enalapril,Unknown
DDInter638,Enalapril,DDInter1675,Simvastatin,Unknown
DDInter638,Enalapril,DDInter1202,Metronidazole,Unknown
DDInter638,Enalapril,DDInter1622,Rosuvastatin,Unknown
DDInter638,Enalapril,DDInter393,Clarithromycin,Unknown
DDInter1388,Pantoprazole,DDInter537,Diclofenac,Unknown
DDInter1244,Morphine,DDInter537,Diclofenac,Unknown
DDInter1340,Omeprazole,DDInter537,Diclofenac,Unknown
DDInter537,Diclofenac,DDInter1675,Simvastatin,Unknown
DDInter537,Diclofenac,DDInter1202,Metronidazole,Unknown
DDInter537,Diclofenac,DDInter1622,Rosuvastatin,Unknown
DDInter537,Diclofenac,DDInter393,Clarithromycin,Unknown
DDInter1841,Tramadol,DDInter1515,Prednisone,Unknown
DDInter1666,Sildenafil,DDInter1515,Prednisone,Unknown
DDInter1927,Venlafaxine,DDInter1515,Prednisone,Unknown
DDInter1874,Trimethoprim,DDInter1515,Prednisone,Unknown
DDInter1242,Montelukast,DDInter1515,Prednisone,Unknown
DDInter1515,Prednisone,DDInter1675,Simvastatin,Unknown
DDInter1515,Prednisone,DDInter1736,Tadalafil,Unknown
DDInter1515,Prednisone,DDInter1622,Rosuvastatin,Unknown
DDInter1515,Prednisone,DDInter1662,Sertraline,Unknown
DDInter1242,Montelukast,DDInter1675,Simvastatin,Unknown
DDInter1675,Simvastatin,DDInter1736,Tadalafil,Unknown
DDInter1388,Pantoprazole,DDInter1928,Verapamil,Unknown
DDInter1340,Omeprazole,DDInter1928,Verapamil,Unknown
DDInter1928,Verapamil,DDInter1202,Metronidazole,Unknown
DDInter1928,Verapamil,DDInter826,Glipizide,Unknown
DDInter1928,Verapamil,DDInter1622,Rosuvastatin,Unknown
DDInter1388,Pantoprazole,DDInter1095,Losartan,Unknown
DDInter1164,Metformin,DDInter1095,Losartan,Unknown
DDInter1340,Omeprazole,DDInter1095,Losartan,Unknown
DDInter1675,Simvastatin,DDInter1095,Losartan,Unknown
DDInter1095,Losartan,DDInter1202,Metronidazole,Unknown
DDInter1095,Losartan,DDInter1622,Rosuvastatin,Unknown
DDInter1095,Losartan,DDInter393,Clarithromycin,Unknown
DDInter1675,Simvastatin,DDInter790,Furosemide,Unknown
DDInter790,Furosemide,DDInter1202,Metronidazole,Unknown
DDInter790,Furosemide,DDInter1622,Rosuvastatin,Unknown
DDInter790,Furosemide,DDInter393,Clarithromycin,Unknown
DDInter1388,Pantoprazole,DDInter1079,Lisinopril,Unknown
DDInter1340,Omeprazole,DDInter1079,Lisinopril,Unknown
DDInter1675,Simvastatin,DDInter1079,Lisinopril,Unknown
DDInter1079,Lisinopril,DDInter1202,Metronidazole,Unknown
DDInter1079,Lisinopril,DDInter1622,Rosuvastatin,Unknown
DDInter1079,Lisinopril,DDInter393,Clarithromycin,Unknown
DDInter1388,Pantoprazole,DDInter1304,Nitroglycerin,Unknown
DDInter1515,Prednisone,DDInter1304,Nitroglycerin,Unknown
DDInter1675,Simvastatin,DDInter1304,Nitroglycerin,Unknown
DDInter1304,Nitroglycerin,DDInter1622,Rosuvastatin,Unknown
DDInter1304,Nitroglycerin,DDInter393,Clarithromycin,Unknown
DDInter1164,Metformin,DDInter413,Clopidogrel,Unknown
DDInter1515,Prednisone,DDInter413,Clopidogrel,Unknown
DDInter1675,Simvastatin,DDInter413,Clopidogrel,Unknown
DDInter413,Clopidogrel,DDInter1202,Metronidazole,Unknown
DDInter413,Clopidogrel,DDInter831,Glyburide,Unknown
DDInter413,Clopidogrel,DDInter826,Glipizide,Unknown
DDInter413,Clopidogrel,DDInter1622,Rosuvastatin,Unknown
DDInter1244,Morphine,DDInter1266,Naproxen,Unknown
DDInter1675,Simvastatin,DDInter1266,Naproxen,Unknown
DDInter1266,Naproxen,DDInter1202,Metronidazole,Unknown
DDInter1266,Naproxen,DDInter83,Amoxicillin,Unknown
DDInter1266,Naproxen,DDInter1622,Rosuvastatin,Unknown
DDInter1266,Naproxen,DDInter393,Clarithromycin,Unknown
DDInter1736,Tadalafil,DDInter1622,Rosuvastatin,Unknown
DDInter1388,Pantoprazole,DDInter989,Isosorbide dinitrate,Unknown
DDInter1164,Metformin,DDInter989,Isosorbide dinitrate,Unknown
DDInter1515,Prednisone,DDInter989,Isosorbide dinitrate,Unknown
DDInter1675,Simvastatin,DDInter989,Isosorbide dinitrate,Unknown
DDInter989,Isosorbide dinitrate,DDInter1202,Metronidazole,Unknown
DDInter989,Isosorbide dinitrate,DDInter1622,Rosuvastatin,Unknown
DDInter989,Isosorbide dinitrate,DDInter393,Clarithromycin,Unknown
DDInter1915,Valsartan,DDInter1202,Metronidazole,Unknown
DDInter1666,Sildenafil,DDInter1202,Metronidazole,Unknown
DDInter1388,Pantoprazole,DDInter1202,Metronidazole,Unknown
DDInter1244,Morphine,DDInter1202,Metronidazole,Unknown
DDInter1340,Omeprazole,DDInter1202,Metronidazole,Unknown
DDInter1707,Spironolactone,DDInter1202,Metronidazole,Unknown
DDInter1874,Trimethoprim,DDInter1202,Metronidazole,Unknown
DDInter1366,Oxycodone,DDInter1202,Metronidazole,Unknown
DDInter1539,Propranolol,DDInter1202,Metronidazole,Unknown
DDInter1515,Prednisone,DDInter1202,Metronidazole,Unknown
DDInter1304,Nitroglycerin,DDInter1202,Metronidazole,Unknown
DDInter1736,Tadalafil,DDInter1202,Metronidazole,Unknown
DDInter1675,Simvastatin,DDInter883,Hydrochlorothiazide,Unknown
DDInter1202,Metronidazole,DDInter883,Hydrochlorothiazide,Unknown
DDInter883,Hydrochlorothiazide,DDInter1622,Rosuvastatin,Unknown
DDInter883,Hydrochlorothiazide,DDInter393,Clarithromycin,Unknown
DDInter1915,Valsartan,DDInter831,Glyburide,Unknown
DDInter1841,Tramadol,DDInter831,Glyburide,Unknown
DDInter1666,Sildenafil,DDInter831,Glyburide,Unknown
DDInter1388,Pantoprazole,DDInter831,Glyburide,Unknown
DDInter1927,Venlafaxine,DDInter831,Glyburide,Unknown
DDInter1244,Morphine,DDInter831,Glyburide,Unknown
DDInter1707,Spironolactone,DDInter831,Glyburide,Unknown
DDInter1091,Loratadine,DDInter831,Glyburide,Unknown
DDInter1242,Montelukast,DDInter831,Glyburide,Unknown
DDInter1366,Oxycodone,DDInter831,Glyburide,Unknown
DDInter1675,Simvastatin,DDInter831,Glyburide,Unknown
DDInter1095,Losartan,DDInter831,Glyburide,Unknown
DDInter1304,Nitroglycerin,DDInter831,Glyburide,Unknown
DDInter1736,Tadalafil,DDInter831,Glyburide,Unknown
DDInter989,Isosorbide dinitrate,DDInter831,Glyburide,Unknown
DDInter1202,Metronidazole,DDInter831,Glyburide,Unknown
DDInter831,Glyburide,DDInter1622,Rosuvastatin,Unknown
DDInter1388,Pantoprazole,DDInter900,Ibuprofen,Unknown
DDInter1244,Morphine,DDInter900,Ibuprofen,Unknown
DDInter1340,Omeprazole,DDInter900,Ibuprofen,Unknown
DDInter1675,Simvastatin,DDInter900,Ibuprofen,Unknown
DDInter1202,Metronidazole,DDInter900,Ibuprofen,Unknown
DDInter900,Ibuprofen,DDInter1622,Rosuvastatin,Unknown
DDInter900,Ibuprofen,DDInter393,Clarithromycin,Unknown
DDInter1915,Valsartan,DDInter83,Amoxicillin,Unknown
DDInter1841,Tramadol,DDInter83,Amoxicillin,Unknown
DDInter743,Fluconazole,DDInter83,Amoxicillin,Unknown
DDInter1666,Sildenafil,DDInter83,Amoxicillin,Unknown
DDInter1388,Pantoprazole,DDInter83,Amoxicillin,Unknown
DDInter388,Citalopram,DDInter83,Amoxicillin,Unknown
DDInter1200,Metoprolol,DDInter83,Amoxicillin,Unknown
DDInter1927,Venlafaxine,DDInter83,Amoxicillin,Unknown
DDInter1244,Morphine,DDInter83,Amoxicillin,Unknown
DDInter1164,Metformin,DDInter83,Amoxicillin,Unknown
DDInter1340,Omeprazole,DDInter83,Amoxicillin,Unknown
DDInter343,Cetirizine,DDInter83,Amoxicillin,Unknown
DDInter89,Ampicillin,DDInter83,Amoxicillin,Unknown
DDInter1707,Spironolactone,DDInter83,Amoxicillin,Unknown
DDInter1874,Trimethoprim,DDInter83,Amoxicillin,Unknown
DDInter1091,Loratadine,DDInter83,Amoxicillin,Unknown
DDInter1010,Ketorolac,DDInter83,Amoxicillin,Unknown
DDInter1242,Montelukast,DDInter83,Amoxicillin,Unknown
DDInter758,Fluoxetine,DDInter83,Amoxicillin,Unknown
DDInter336,Celecoxib,DDInter83,Amoxicillin,Unknown
DDInter1366,Oxycodone,DDInter83,Amoxicillin,Unknown
DDInter384,Ciprofloxacin,DDInter83,Amoxicillin,Unknown
DDInter293,Carbamazepine,DDInter83,Amoxicillin,Unknown
DDInter339,Cephalexin,DDInter83,Amoxicillin,Unknown
DDInter1539,Propranolol,DDInter83,Amoxicillin,Unknown
DDInter638,Enalapril,DDInter83,Amoxicillin,Unknown
DDInter537,Diclofenac,DDInter83,Amoxicillin,Unknown
DDInter1515,Prednisone,DDInter83,Amoxicillin,Unknown
DDInter1675,Simvastatin,DDInter83,Amoxicillin,Unknown
DDInter1928,Verapamil,DDInter83,Amoxicillin,Unknown
DDInter1095,Losartan,DDInter83,Amoxicillin,Unknown
DDInter790,Furosemide,DDInter83,Amoxicillin,Unknown
DDInter1079,Lisinopril,DDInter83,Amoxicillin,Unknown
DDInter1304,Nitroglycerin,DDInter83,Amoxicillin,Unknown
DDInter413,Clopidogrel,DDInter83,Amoxicillin,Unknown
DDInter1736,Tadalafil,DDInter83,Amoxicillin,Unknown
DDInter1202,Metronidazole,DDInter83,Amoxicillin,Unknown
DDInter883,Hydrochlorothiazide,DDInter83,Amoxicillin,Unknown
DDInter831,Glyburide,DDInter83,Amoxicillin,Unknown
DDInter900,Ibuprofen,DDInter83,Amoxicillin,Unknown
DDInter83,Amoxicillin,DDInter826,Glipizide,Unknown
DDInter83,Amoxicillin,DDInter133,Atorvastatin,Unknown
DDInter83,Amoxicillin,DDInter1622,Rosuvastatin,Unknown
DDInter83,Amoxicillin,DDInter1662,Sertraline,Unknown
DDInter1915,Valsartan,DDInter826,Glipizide,Unknown
DDInter1841,Tramadol,DDInter826,Glipizide,Unknown
DDInter1666,Sildenafil,DDInter826,Glipizide,Unknown
DDInter1388,Pantoprazole,DDInter826,Glipizide,Unknown
DDInter1927,Venlafaxine,DDInter826,Glipizide,Unknown
DDInter1244,Morphine,DDInter826,Glipizide,Unknown
DDInter1707,Spironolactone,DDInter826,Glipizide,Unknown
DDInter1091,Loratadine,DDInter826,Glipizide,Unknown
DDInter1242,Montelukast,DDInter826,Glipizide,Unknown
DDInter1366,Oxycodone,DDInter826,Glipizide,Unknown
DDInter1675,Simvastatin,DDInter826,Glipizide,Unknown
DDInter1095,Losartan,DDInter826,Glipizide,Unknown
DDInter1304,Nitroglycerin,DDInter826,Glipizide,Unknown
DDInter1736,Tadalafil,DDInter826,Glipizide,Unknown
DDInter989,Isosorbide dinitrate,DDInter826,Glipizide,Unknown
DDInter1202,Metronidazole,DDInter826,Glipizide,Unknown
DDInter831,Glyburide,DDInter826,Glipizide,Unknown
DDInter826,Glipizide,DDInter1622,Rosuvastatin,Unknown
DDInter1244,Morphine,DDInter133,Atorvastatin,Unknown
DDInter1164,Metformin,DDInter133,Atorvastatin,Unknown
DDInter1515,Prednisone,DDInter133,Atorvastatin,Unknown
DDInter831,Glyburide,DDInter133,Atorvastatin,Unknown
DDInter826,Glipizide,DDInter133,Atorvastatin,Unknown
DDInter1242,Montelukast,DDInter1622,Rosuvastatin,Unknown
DDInter1675,Simvastatin,DDInter1662,Sertraline,Unknown
DDInter1622,Rosuvastatin,DDInter1662,Sertraline,Unknown
DDInter1242,Montelukast,DDInter393,Clarithromycin,Unknown
DDInter1622,Rosuvastatin,DDInter393,Clarithromycin,Unknown
DDInter14,Acetaminophen,DDInter1951,Warfarin,Moderate
DDInter1841,Tramadol,DDInter413,Clopidogrel,Moderate
DDInter1010,Ketorolac,DDInter108,Apixaban,Major
DDInter1010,Ketorolac,DDInter413,Clopidogrel,Moderate
DDInter1010,Ketorolac,DDInter1609,Rivaroxaban,Major
DDInter1010,Ketorolac,DDInter1951,Warfarin,Major
DDInter900,Ibuprofen,DDInter108,Apixaban,Major
DDInter413,Clopidogrel,DDInter900,Ibuprofen,Moderate
DDInter900,Ibuprofen,DDInter1609,Rivaroxaban,Major
DDInter1951,Warfarin,DDInter900,Ibuprofen,Major
DDInter1951,Warfarin,DDInter883,Hydrochlorothiazide,Minor
DDInter79,Amlodipine,DDInter108,Apixaban,Moderate
DDInter336,Celecoxib,DDInter413,Clopidogrel,Moderate
DDInter336,Celecoxib,DDInter1609,Rivaroxaban,Moderate
DDInter336,Celecoxib,DDInter1951,Warfarin,Moderate
DDInter89,Ampicillin,DDInter1951,Warfarin,Moderate
DDInter293,Carbamazepine,DDInter108,Apixaban,Major
DDInter336,Celecoxib,DDInter108,Apixaban,Moderate
DDInter384,Ciprofloxacin,DDInter108,Apixaban,Moderate
DDInter388,Citalopram,DDInter108,Apixaban,Moderate
DDInter413,Clopidogrel,DDInter108,Apixaban,Major
DDInter537,Diclofenac,DDInter108,Apixaban,Major
DDInter670,Erythromycin,DDInter108,Apixaban,Moderate
DDInter672,Escitalopram,DDInter108,Apixaban,Moderate
DDInter743,Fluconazole,DDInter108,Apixaban,Moderate
DDInter758,Fluoxetine,DDInter108,Apixaban,Moderate
DDInter1266,Naproxen,DDInter108,Apixaban,Major
DDInter1460,Phenytoin,DDInter108,Apixaban,Major
DDInter1609,Rivaroxaban,DDInter108,Apixaban,Major
DDInter1662,Sertraline,DDInter108,Apixaban,Moderate
DDInter1707,Spironolactone,DDInter108,Apixaban,Moderate
DDInter1927,Venlafaxine,DDInter108,Apixaban,Moderate
DDInter1928,Verapamil,DDInter108,Apixaban,Moderate
DDInter1951,Warfarin,DDInter108,Apixaban,Major
DDInter413,Clopidogrel,DDInter133,Atorvastatin,Moderate
DDInter1951,Warfarin,DDInter133,Atorvastatin,Minor
DDInter157,Azithromycin,DDInter1609,Rivaroxaban,Moderate
DDInter157,Azithromycin,DDInter1951,Warfarin,Moderate
DDInter537,Diclofenac,DDInter413,Clopidogrel,Moderate
DDInter537,Diclofenac,DDInter1609,Rivaroxaban,Major
DDInter537,Diclofenac,DDInter1951,Warfarin,Major
DDInter293,Carbamazepine,DDInter1609,Rivaroxaban,Major
DDInter293,Carbamazepine,DDInter1951,Warfarin,Moderate
DDInter1707,Spironolactone,DDInter1951,Warfarin,Minor
DDInter339,Cephalexin,DDInter1951,Warfarin,Moderate
DDInter384,Ciprofloxacin,DDInter1951,Warfarin,Major
DDInter388,Citalopram,DDInter413,Clopidogrel,Moderate
DDInter388,Citalopram,DDInter1609,Rivaroxaban,Moderate
DDInter388,Citalopram,DDInter1951,Warfarin,Moderate
DDInter670,Erythromycin,DDInter413,Clopidogrel,Moderate
DDInter413,Clopidogrel,DDInter672,Escitalopram,Moderate
DDInter743,Fluconazole,DDInter413,Clopidogrel,Major
DDInter758,Fluoxetine,DDInter413,Clopidogrel,Major
DDInter413,Clopidogrel,DDInter1266,Naproxen,Moderate
DDInter1366,Oxycodone,DDInter413,Clopidogrel,Moderate
DDInter1460,Phenytoin,DDInter413,Clopidogrel,Minor
DDInter413,Clopidogrel,DDInter1609,Rivaroxaban,Major
DDInter413,Clopidogrel,DDInter1662,Sertraline,Moderate
DDInter1927,Venlafaxine,DDInter413,Clopidogrel,Moderate
DDInter1951,Warfarin,DDInter413,Clopidogrel,Major
DDInter1928,Verapamil,DDInter1609,Rivaroxaban,Moderate
DDInter670,Erythromycin,DDInter1609,Rivaroxaban,Moderate
DDInter670,Erythromycin,DDInter1951,Warfarin,Major
DDInter1064,Levothyroxine,DDInter1951,Warfarin,Moderate
DDInter1266,Naproxen,DDInter1609,Rivaroxaban,Major
DDInter1951,Warfarin,DDInter1266,Naproxen,Major
DDInter758,Fluoxetine,DDInter1951,Warfarin,Moderate
DDInter1951,Warfarin,DDInter1724,Sulfamethoxazole,Major
DDInter1841,Tramadol,DDInter1951,Warfarin,Moderate
DDInter1951,Warfarin,DDInter672,Escitalopram,Moderate
DDInter743,Fluconazole,DDInter1951,Warfarin,Major
DDInter1460,Phenytoin,DDInter1951,Warfarin,Moderate
DDInter1539,Propranolol,DDInter1951,Warfarin,Minor
DDInter1951,Warfarin,DDInter1609,Rivaroxaban,Major
DDInter1951,Warfarin,DDInter1662,Sertraline,Moderate
DDInter1666,Sildenafil,DDInter1951,Warfarin,Moderate
DDInter1874,Trimethoprim,DDInter1951,Warfarin,Moderate
DDInter1927,Venlafaxine,DDInter1951,Warfarin,Moderate
DDInter1460,Phenytoin,DDInter1609,Rivaroxaban,Major
DDInter672,Escitalopram,DDInter1609,Rivaroxaban,Moderate
DDInter743,Fluconazole,DDInter1609,Rivaroxaban,Moderate
DDInter758,Fluoxetine,DDInter1609,Rivaroxaban,Moderate
DDInter1662,Sertraline,DDInter1609,Rivaroxaban,Moderate
DDInter1927,Venlafaxine,DDInter1609,Rivaroxaban,Moderate
DDInter1915,Valsartan,DDInter1951,Warfarin,Unknown
DDInter157,Azithromycin,DDInter413,Clopidogrel,Unknown
DDInter1200,Metoprolol,DDInter1951,Warfarin,Unknown
DDInter14,Acetaminophen,DDInter413,Clopidogrel,Unknown
DDInter343,Cetirizine,DDInter1951,Warfarin,Unknown
DDInter343,Cetirizine,DDInter413,Clopidogrel,Unknown
DDInter79,Amlodipine,DDInter1951,Warfarin,Unknown
DDInter79,Amlodipine,DDInter413,Clopidogrel,Unknown
DDInter1064,Levothyroxine,DDInter413,Clopidogrel,Unknown
DDInter1091,Loratadine,DDInter1951,Warfarin,Unknown
DDInter1366,Oxycodone,DDInter1951,Warfarin,Unknown
DDInter384,Ciprofloxacin,DDInter413,Clopidogrel,Unknown
DDInter293,Carbamazepine,DDInter413,Clopidogrel,Unknown
DDInter339,Cephalexin,DDInter413,Clopidogrel,Unknown
DDInter638,Enalapril,DDInter1951,Warfarin,Unknown
DDInter1928,Verapamil,DDInter1951,Warfarin,Unknown
DDInter1928,Verapamil,DDInter413,Clopidogrel,Unknown
DDInter1095,Losartan,DDInter1951,Warfarin,Unknown
DDInter1242,Montelukast,DDInter1951,Warfarin,Unknown
DDInter1951,Warfarin,DDInter1736,Tadalafil,Unknown
DDInter1951,Warfarin,DDInter790,Furosemide,Unknown
DDInter1951,Warfarin,DDInter1079,Lisinopril,Unknown
DDInter1951,Warfarin,DDInter1304,Nitroglycerin,Unknown
DDInter1915,Valsartan,DDInter413,Clopidogrel,Unknown
DDInter1666,Sildenafil,DDInter413,Clopidogrel,Unknown
DDInter1200,Metoprolol,DDInter413,Clopidogrel,Unknown
DDInter1707,Spironolactone,DDInter413,Clopidogrel,Unknown
DDInter1874,Trimethoprim,DDInter413,Clopidogrel,Unknown
DDInter1091,Loratadine,DDInter413,Clopidogrel,Unknown
DDInter1242,Montelukast,DDInter413,Clopidogrel,Unknown
DDInter1539,Propranolol,DDInter413,Clopidogrel,Unknown
DDInter638,Enalapril,DDInter413,Clopidogrel,Unknown
DDInter1095,Losartan,DDInter413,Clopidogrel,Unknown
DDInter790,Furosemide,DDInter413,Clopidogrel,Unknown
DDInter1079,Lisinopril,DDInter413,Clopidogrel,Unknown
DDInter1304,Nitroglycerin,DDInter413,Clopidogrel,Unknown
DDInter413,Clopidogrel,DDInter1736,Tadalafil,Unknown
DDInter413,Clopidogrel,DDInter989,Isosorbide dinitrate,Unknown
DDInter413,Clopidogrel,DDInter883,Hydrochlorothiazide,Unknown
DDInter1951,Warfarin,DDInter989,Isosorbide dinitrate,Unknown
DDInter1841,Tramadol,DDInter670,Erythromycin,Moderate
DDInter1841,Tramadol,DDInter743,Fluconazole,Moderate
DDInter1010,Ketorolac,DDInter537,Diclofenac,Major
DDInter537,Diclofenac,DDInter900,Ibuprofen,Moderate
DDInter670,Erythromycin,DDInter1091,Loratadine,Minor
DDInter743,Fluconazole,DDInter1091,Loratadine,Minor
DDInter537,Diclofenac,DDInter883,Hydrochlorothiazide,Moderate
DDInter79,Amlodipine,DDInter537,Diclofenac,Moderate
DDInter670,Erythromycin,DDInter79,Amlodipine,Moderate
DDInter743,Fluconazole,DDInter79,Amlodipine,Moderate
DDInter670,Erythromycin,DDInter133,Atorvastatin,Major
DDInter743,Fluconazole,DDInter133,Atorvastatin,Major
DDInter670,Erythromycin,DDInter89,Ampicillin,Minor
DDInter670,Erythromycin,DDInter157,Azithromycin,Moderate
DDInter743,Fluconazole,DDInter157,Azithromycin,Moderate
DDInter293,Carbamazepine,DDInter537,Diclofenac,Moderate
DDInter336,Celecoxib,DDInter537,Diclofenac,Moderate
DDInter384,Ciprofloxacin,DDInter537,Diclofenac,Moderate
DDInter388,Citalopram,DDInter537,Diclofenac,Moderate
DDInter638,Enalapril,DDInter537,Diclofenac,Moderate
DDInter537,Diclofenac,DDInter672,Escitalopram,Moderate
DDInter743,Fluconazole,DDInter537,Diclofenac,Moderate
DDInter758,Fluoxetine,DDInter537,Diclofenac,Moderate
DDInter537,Diclofenac,DDInter790,Furosemide,Moderate
DDInter537,Diclofenac,DDInter1079,Lisinopril,Moderate
DDInter537,Diclofenac,DDInter1095,Losartan,Moderate
DDInter1200,Metoprolol,DDInter537,Diclofenac,Moderate
DDInter537,Diclofenac,DDInter1266,Naproxen,Moderate
DDInter1539,Propranolol,DDInter537,Diclofenac,Moderate
DDInter537,Diclofenac,DDInter1662,Sertraline,Moderate
DDInter1707,Spironolactone,DDInter537,Diclofenac,Moderate
DDInter1915,Valsartan,DDInter537,Diclofenac,Moderate
DDInter1927,Venlafaxine,DDInter537,Diclofenac,Moderate
DDInter537,Diclofenac,DDInter1928,Verapamil,Minor
DDInter743,Fluconazole,DDInter883,Hydrochlorothiazide,Minor
DDInter670,Erythromycin,DDInter293,Carbamazepine,Major
DDInter743,Fluconazole,DDInter293,Carbamazepine,Moderate
DDInter743,Fluconazole,DDInter336,Celecoxib,Moderate
DDInter670,Erythromycin,DDInter384,Ciprofloxacin,Moderate
DDInter743,Fluconazole,DDInter384,Ciprofloxacin,Moderate
DDInter670,Erythromycin,DDInter388,Citalopram,Major
DDInter743,Fluconazole,DDInter388,Citalopram,Major
DDInter670,Erythromycin,DDInter1928,Verapamil,Major
DDInter743,Fluconazole,DDInter1928,Verapamil,Moderate
DDInter670,Erythromycin,DDInter672,Escitalopram,Major
DDInter743,Fluconazole,DDInter670,Erythromycin,Major
DDInter670,Erythromycin,DDInter758,Fluoxetine,Moderate
DDInter670,Erythromycin,DDInter1366,Oxycodone,Major
DDInter670,Erythromycin,DDInter1460,Phenytoin,Moderate
DDInter670,Erythromycin,DDInter1662,Sertraline,Moderate
DDInter670,Erythromycin,DDInter1666,Sildenafil,Major
DDInter670,Erythromycin,DDInter1724,Sulfamethoxazole,Minor
DDInter670,Erythromycin,DDInter1736,Tadalafil,Moderate
DDInter670,Erythromycin,DDInter1927,Venlafaxine,Moderate
DDInter743,Fluconazole,DDInter1366,Oxycodone,Major
DDInter743,Fluconazole,DDInter1095,Losartan,Moderate
DDInter743,Fluconazole,DDInter758,Fluoxetine,Moderate
DDInter743,Fluconazole,DDInter1724,Sulfamethoxazole,Minor
DDInter743,Fluconazole,DDInter1242,Montelukast,Moderate
DDInter743,Fluconazole,DDInter1460,Phenytoin,Major
DDInter743,Fluconazole,DDInter1662,Sertraline,Moderate
DDInter743,Fluconazole,DDInter1666,Sildenafil,Moderate
DDInter743,Fluconazole,DDInter1736,Tadalafil,Moderate
DDInter743,Fluconazole,DDInter1927,Venlafaxine,Moderate
DDInter743,Fluconazole,DDInter672,Escitalopram,Major
DDInter1915,Valsartan,DDInter743,Fluconazole,Unknown
DDInter743,Fluconazole,DDInter1200,Metoprolol,Unknown
DDInter743,Fluconazole,DDInter1707,Spironolactone,Unknown
DDInter743,Fluconazole,DDInter1874,Trimethoprim,Unknown
DDInter743,Fluconazole,DDInter1010,Ketorolac,Unknown
DDInter743,Fluconazole,DDInter1539,Propranolol,Unknown
DDInter743,Fluconazole,DDInter790,Furosemide,Unknown
DDInter743,Fluconazole,DDInter1079,Lisinopril,Unknown
DDInter743,Fluconazole,DDInter1304,Nitroglycerin,Unknown
DDInter743,Fluconazole,DDInter989,Isosorbide dinitrate,Unknown
DDInter743,Fluconazole,DDInter900,Ibuprofen,Unknown
DDInter1915,Valsartan,DDInter670,Erythromycin,Unknown
DDInter670,Erythromycin,DDInter1200,Metoprolol,Unknown
DDInter670,Erythromycin,DDInter1707,Spironolactone,Unknown
DDInter670,Erythromycin,DDInter1874,Trimethoprim,Unknown
DDInter670,Erythromycin,DDInter1010,Ketorolac,Unknown
DDInter670,Erythromycin,DDInter1242,Montelukast,Unknown
DDInter670,Erythromycin,DDInter1539,Propranolol,Unknown
DDInter670,Erythromycin,DDInter1095,Losartan,Unknown
DDInter670,Erythromycin,DDInter790,Furosemide,Unknown
DDInter670,Erythromycin,DDInter1079,Lisinopril,Unknown
DDInter670,Erythromycin,DDInter1304,Nitroglycerin,Unknown
DDInter670,Erythromycin,DDInter989,Isosorbide dinitrate,Unknown
DDInter670,Erythromycin,DDInter883,Hydrochlorothiazide,Unknown
DDInter670,Erythromycin,DDInter900,Ibuprofen,Unknown
DDInter157,Azithromycin,DDInter537,Diclofenac,Unknown
DDInter1460,Phenytoin,DDInter537,Diclofenac,Unknown
DDInter743,Fluconazole,DDInter14,Acetaminophen,Unknown
DDInter670,Erythromycin,DDInter14,Acetaminophen,Unknown
DDInter14,Acetaminophen,DDInter537,Diclofenac,Unknown
DDInter743,Fluconazole,DDInter343,Cetirizine,Unknown
DDInter670,Erythromycin,DDInter343,Cetirizine,Unknown
DDInter343,Cetirizine,DDInter537,Diclofenac,Unknown
DDInter743,Fluconazole,DDInter89,Ampicillin,Unknown
DDInter743,Fluconazole,DDInter1064,Levothyroxine,Unknown
DDInter670,Erythromycin,DDInter1064,Levothyroxine,Unknown
DDInter1064,Levothyroxine,DDInter537,Diclofenac,Unknown
DDInter670,Erythromycin,DDInter336,Celecoxib,Unknown
DDInter743,Fluconazole,DDInter339,Cephalexin,Unknown
DDInter670,Erythromycin,DDInter339,Cephalexin,Unknown
DDInter339,Cephalexin,DDInter537,Diclofenac,Unknown
DDInter743,Fluconazole,DDInter638,Enalapril,Unknown
DDInter670,Erythromycin,DDInter638,Enalapril,Unknown
DDInter1841,Tramadol,DDInter537,Diclofenac,Unknown
DDInter670,Erythromycin,DDInter537,Diclofenac,Unknown
DDInter1666,Sildenafil,DDInter537,Diclofenac,Unknown
DDInter1874,Trimethoprim,DDInter537,Diclofenac,Unknown
DDInter1091,Loratadine,DDInter537,Diclofenac,Unknown
DDInter1242,Montelukast,DDInter537,Diclofenac,Unknown
DDInter1366,Oxycodone,DDInter537,Diclofenac,Unknown
DDInter537,Diclofenac,DDInter1304,Nitroglycerin,Unknown
DDInter537,Diclofenac,DDInter1736,Tadalafil,Unknown
DDInter537,Diclofenac,DDInter989,Isosorbide dinitrate,Unknown
DDInter743,Fluconazole,DDInter1266,Naproxen,Unknown
DDInter670,Erythromycin,DDInter1266,Naproxen,Unknown
DDInter537,Diclofenac,DDInter133,Atorvastatin,Unknown
DDInter1064,Levothyroxine,DDInter293,Carbamazepine,Moderate
DDInter1064,Levothyroxine,DDInter384,Ciprofloxacin,Moderate
DDInter1064,Levothyroxine,DDInter758,Fluoxetine,Minor
DDInter1200,Metoprolol,DDInter1064,Levothyroxine,Minor
DDInter1460,Phenytoin,DDInter1064,Levothyroxine,Moderate
DDInter1064,Levothyroxine,DDInter1539,Propranolol,Minor
DDInter1915,Valsartan,DDInter1064,Levothyroxine,Unknown
DDInter1841,Tramadol,DDInter1064,Levothyroxine,Unknown
DDInter1666,Sildenafil,DDInter1064,Levothyroxine,Unknown
DDInter157,Azithromycin,DDInter1064,Levothyroxine,Unknown
DDInter388,Citalopram,DDInter1064,Levothyroxine,Unknown
DDInter1927,Venlafaxine,DDInter1064,Levothyroxine,Unknown
DDInter14,Acetaminophen,DDInter1064,Levothyroxine,Unknown
DDInter343,Cetirizine,DDInter1064,Levothyroxine,Unknown
DDInter79,Amlodipine,DDInter1064,Levothyroxine,Unknown
DDInter89,Ampicillin,DDInter1064,Levothyroxine,Unknown
DDInter1707,Spironolactone,DDInter1064,Levothyroxine,Unknown
DDInter1874,Trimethoprim,DDInter1064,Levothyroxine,Unknown
DDInter1064,Levothyroxine,DDInter1091,Loratadine,Unknown
DDInter1064,Levothyroxine,DDInter1010,Ketorolac,Unknown
DDInter1064,Levothyroxine,DDInter1242,Montelukast,Unknown
DDInter1064,Levothyroxine,DDInter336,Celecoxib,Unknown
DDInter1064,Levothyroxine,DDInter1366,Oxycodone,Unknown
DDInter1064,Levothyroxine,DDInter339,Cephalexin,Unknown
DDInter1064,Levothyroxine,DDInter638,Enalapril,Unknown
DDInter1064,Levothyroxine,DDInter1928,Verapamil,Unknown
DDInter1064,Levothyroxine,DDInter1095,Losartan,Unknown
DDInter1064,Levothyroxine,DDInter790,Furosemide,Unknown
DDInter1064,Levothyroxine,DDInter1079,Lisinopril,Unknown
DDInter1064,Levothyroxine,DDInter1304,Nitroglycerin,Unknown
DDInter1064,Levothyroxine,DDInter1266,Naproxen,Unknown
DDInter1064,Levothyroxine,DDInter1736,Tadalafil,Unknown
DDInter1064,Levothyroxine,DDInter989,Isosorbide dinitrate,Unknown
DDInter1064,Levothyroxine,DDInter883,Hydrochlorothiazide,Unknown
DDInter1064,Levothyroxine,DDInter900,Ibuprofen,Unknown
DDInter1064,Levothyroxine,DDInter133,Atorvastatin,Unknown
DDInter1064,Levothyroxine,DDInter1662,Sertraline,Unknown
DDInter1841,Tramadol,DDInter336,Celecoxib,Moderate
DDInter1010,Ketorolac,DDInter336,Celecoxib,Major
DDInter336,Celecoxib,DDInter900,Ibuprofen,Moderate
DDInter1091,Loratadine,DDInter336,Celecoxib,Moderate
DDInter336,Celecoxib,DDInter790,Furosemide,Moderate
DDInter336,Celecoxib,DDInter883,Hydrochlorothiazide,Moderate
DDInter388,Citalopram,DDInter336,Celecoxib,Moderate
DDInter336,Celecoxib,DDInter638,Enalapril,Moderate
DDInter336,Celecoxib,DDInter1079,Lisinopril,Moderate
DDInter336,Celecoxib,DDInter1095,Losartan,Moderate
DDInter336,Celecoxib,DDInter1662,Sertraline,Moderate
DDInter1707,Spironolactone,DDInter336,Celecoxib,Moderate
DDInter336,Celecoxib,DDInter1724,Sulfamethoxazole,Moderate
DDInter1915,Valsartan,DDInter336,Celecoxib,Moderate
DDInter1927,Venlafaxine,DDInter336,Celecoxib,Moderate
DDInter336,Celecoxib,DDInter384,Ciprofloxacin,Moderate
DDInter758,Fluoxetine,DDInter336,Celecoxib,Moderate
DDInter1200,Metoprolol,DDInter336,Celecoxib,Moderate
DDInter336,Celecoxib,DDInter1266,Naproxen,Moderate
DDInter336,Celecoxib,DDInter1366,Oxycodone,Moderate
DDInter336,Celecoxib,DDInter1539,Propranolol,Moderate
DDInter157,Azithromycin,DDInter336,Celecoxib,Unknown
DDInter1460,Phenytoin,DDInter336,Celecoxib,Unknown
DDInter14,Acetaminophen,DDInter336,Celecoxib,Unknown
DDInter79,Amlodipine,DDInter336,Celecoxib,Unknown
DDInter1666,Sildenafil,DDInter336,Celecoxib,Unknown
DDInter343,Cetirizine,DDInter336,Celecoxib,Unknown
DDInter1874,Trimethoprim,DDInter336,Celecoxib,Unknown
DDInter1242,Montelukast,DDInter336,Celecoxib,Unknown
DDInter336,Celecoxib,DDInter339,Cephalexin,Unknown
DDInter336,Celecoxib,DDInter1304,Nitroglycerin,Unknown
DDInter336,Celecoxib,DDInter1736,Tadalafil,Unknown
DDInter336,Celecoxib,DDInter989,Isosorbide dinitrate,Unknown
DDInter336,Celecoxib,DDInter293,Carbamazepine,Unknown
DDInter336,Celecoxib,DDInter1928,Verapamil,Unknown
DDInter336,Celecoxib,DDInter133,Atorvastatin,Unknown
DDInter1841,Tramadol,DDInter343,Cetirizine,Moderate
DDInter1010,Ketorolac,DDInter900,Ibuprofen,Major
DDInter79,Amlodipine,DDInter900,Ibuprofen,Moderate
DDInter384,Ciprofloxacin,DDInter900,Ibuprofen,Moderate
DDInter388,Citalopram,DDInter900,Ibuprofen,Moderate
DDInter638,Enalapril,DDInter900,Ibuprofen,Moderate
DDInter900,Ibuprofen,DDInter672,Escitalopram,Moderate
DDInter758,Fluoxetine,DDInter900,Ibuprofen,Moderate
DDInter790,Furosemide,DDInter900,Ibuprofen,Moderate
DDInter883,Hydrochlorothiazide,DDInter900,Ibuprofen,Moderate
DDInter1079,Lisinopril,DDInter900,Ibuprofen,Moderate
DDInter1095,Losartan,DDInter900,Ibuprofen,Moderate
DDInter1200,Metoprolol,DDInter900,Ibuprofen,Moderate
DDInter1266,Naproxen,DDInter900,Ibuprofen,Moderate
DDInter1460,Phenytoin,DDInter900,Ibuprofen,Minor
DDInter1539,Propranolol,DDInter900,Ibuprofen,Moderate
DDInter900,Ibuprofen,DDInter1662,Sertraline,Moderate
DDInter1707,Spironolactone,DDInter900,Ibuprofen,Moderate
DDInter1915,Valsartan,DDInter900,Ibuprofen,Moderate
DDInter1927,Venlafaxine,DDInter900,Ibuprofen,Moderate
DDInter1928,Verapamil,DDInter900,Ibuprofen,Moderate
DDInter343,Cetirizine,DDInter293,Carbamazepine,Moderate
DDInter388,Citalopram,DDInter343,Cetirizine,Moderate
DDInter343,Cetirizine,DDInter672,Escitalopram,Moderate
DDInter343,Cetirizine,DDInter758,Fluoxetine,Moderate
DDInter343,Cetirizine,DDInter1366,Oxycodone,Moderate
DDInter1460,Phenytoin,DDInter343,Cetirizine,Moderate
DDInter343,Cetirizine,DDInter1662,Sertraline,Moderate
DDInter1242,Montelukast,DDInter293,Carbamazepine,Moderate
DDInter1927,Venlafaxine,DDInter343,Cetirizine,Moderate
DDInter1874,Trimethoprim,DDInter1242,Montelukast,Moderate
DDInter1460,Phenytoin,DDInter1242,Montelukast,Moderate
DDInter1242,Montelukast,DDInter1724,Sulfamethoxazole,Moderate
DDInter1915,Valsartan,DDInter1242,Montelukast,Unknown
DDInter1841,Tramadol,DDInter1242,Montelukast,Unknown
DDInter1666,Sildenafil,DDInter1242,Montelukast,Unknown
DDInter157,Azithromycin,DDInter343,Cetirizine,Unknown
DDInter157,Azithromycin,DDInter1091,Loratadine,Unknown
DDInter157,Azithromycin,DDInter1242,Montelukast,Unknown
DDInter157,Azithromycin,DDInter900,Ibuprofen,Unknown
DDInter388,Citalopram,DDInter1091,Loratadine,Unknown
DDInter388,Citalopram,DDInter1242,Montelukast,Unknown
DDInter1460,Phenytoin,DDInter1091,Loratadine,Unknown
DDInter1200,Metoprolol,DDInter1242,Montelukast,Unknown
DDInter1927,Venlafaxine,DDInter1242,Montelukast,Unknown
DDInter14,Acetaminophen,DDInter343,Cetirizine,Unknown
DDInter14,Acetaminophen,DDInter1091,Loratadine,Unknown
DDInter14,Acetaminophen,DDInter1242,Montelukast,Unknown
DDInter14,Acetaminophen,DDInter900,Ibuprofen,Unknown
DDInter1915,Valsartan,DDInter343,Cetirizine,Unknown
DDInter1666,Sildenafil,DDInter343,Cetirizine,Unknown
DDInter1200,Metoprolol,DDInter343,Cetirizine,Unknown
DDInter343,Cetirizine,DDInter1707,Spironolactone,Unknown
DDInter343,Cetirizine,DDInter1874,Trimethoprim,Unknown
DDInter343,Cetirizine,DDInter1091,Loratadine,Unknown
DDInter343,Cetirizine,DDInter1010,Ketorolac,Unknown
DDInter343,Cetirizine,DDInter1242,Montelukast,Unknown
DDInter343,Cetirizine,DDInter384,Ciprofloxacin,Unknown
DDInter343,Cetirizine,DDInter1539,Propranolol,Unknown
DDInter343,Cetirizine,DDInter638,Enalapril,Unknown
DDInter343,Cetirizine,DDInter1095,Losartan,Unknown
DDInter343,Cetirizine,DDInter790,Furosemide,Unknown
DDInter343,Cetirizine,DDInter1079,Lisinopril,Unknown
DDInter343,Cetirizine,DDInter1304,Nitroglycerin,Unknown
DDInter343,Cetirizine,DDInter1736,Tadalafil,Unknown
DDInter343,Cetirizine,DDInter989,Isosorbide dinitrate,Unknown
DDInter343,Cetirizine,DDInter883,Hydrochlorothiazide,Unknown
DDInter343,Cetirizine,DDInter900,Ibuprofen,Unknown
DDInter343,Cetirizine,DDInter79,Amlodipine,Unknown
DDInter79,Amlodipine,DDInter1091,Loratadine,Unknown
DDInter79,Amlodipine,DDInter1242,Montelukast,Unknown
DDInter89,Ampicillin,DDInter900,Ibuprofen,Unknown
DDInter1707,Spironolactone,DDInter1242,Montelukast,Unknown
DDInter1915,Valsartan,DDInter1091,Loratadine,Unknown
DDInter1841,Tramadol,DDInter1091,Loratadine,Unknown
DDInter1666,Sildenafil,DDInter1091,Loratadine,Unknown
DDInter1200,Metoprolol,DDInter1091,Loratadine,Unknown
DDInter1927,Venlafaxine,DDInter1091,Loratadine,Unknown
DDInter1707,Spironolactone,DDInter1091,Loratadine,Unknown
DDInter1874,Trimethoprim,DDInter1091,Loratadine,Unknown
DDInter1091,Loratadine,DDInter1242,Montelukast,Unknown
DDInter1091,Loratadine,DDInter1366,Oxycodone,Unknown
DDInter1091,Loratadine,DDInter1539,Propranolol,Unknown
DDInter1091,Loratadine,DDInter1095,Losartan,Unknown
DDInter1091,Loratadine,DDInter1304,Nitroglycerin,Unknown
DDInter1091,Loratadine,DDInter1736,Tadalafil,Unknown
DDInter1091,Loratadine,DDInter1662,Sertraline,Unknown
DDInter1091,Loratadine,DDInter1010,Ketorolac,Unknown
DDInter1010,Ketorolac,DDInter1242,Montelukast,Unknown
DDInter1091,Loratadine,DDInter758,Fluoxetine,Unknown
DDInter1242,Montelukast,DDInter758,Fluoxetine,Unknown
DDInter1242,Montelukast,DDInter1366,Oxycodone,Unknown
DDInter1091,Loratadine,DDInter384,Ciprofloxacin,Unknown
DDInter1242,Montelukast,DDInter384,Ciprofloxacin,Unknown
DDInter1091,Loratadine,DDInter293,Carbamazepine,Unknown
DDInter293,Carbamazepine,DDInter900,Ibuprofen,Unknown
DDInter343,Cetirizine,DDInter339,Cephalexin,Unknown
DDInter1091,Loratadine,DDInter339,Cephalexin,Unknown
DDInter1242,Montelukast,DDInter339,Cephalexin,Unknown
DDInter339,Cephalexin,DDInter900,Ibuprofen,Unknown
DDInter1242,Montelukast,DDInter1539,Propranolol,Unknown
DDInter1091,Loratadine,DDInter638,Enalapril,Unknown
DDInter1242,Montelukast,DDInter638,Enalapril,Unknown
DDInter343,Cetirizine,DDInter1928,Verapamil,Unknown
DDInter1091,Loratadine,DDInter1928,Verapamil,Unknown
DDInter1242,Montelukast,DDInter1928,Verapamil,Unknown
DDInter1242,Montelukast,DDInter1095,Losartan,Unknown
DDInter1091,Loratadine,DDInter790,Furosemide,Unknown
DDInter1242,Montelukast,DDInter790,Furosemide,Unknown
DDInter1091,Loratadine,DDInter1079,Lisinopril,Unknown
DDInter1242,Montelukast,DDInter1079,Lisinopril,Unknown
DDInter1242,Montelukast,DDInter1304,Nitroglycerin,Unknown
DDInter343,Cetirizine,DDInter1266,Naproxen,Unknown
DDInter1091,Loratadine,DDInter1266,Naproxen,Unknown
DDInter1242,Montelukast,DDInter1266,Naproxen,Unknown
DDInter1242,Montelukast,DDInter1736,Tadalafil,Unknown
DDInter1091,Loratadine,DDInter989,Isosorbide dinitrate,Unknown
DDInter1242,Montelukast,DDInter989,Isosorbide dinitrate,Unknown
DDInter1091,Loratadine,DDInter883,Hydrochlorothiazide,Unknown
DDInter1242,Montelukast,DDInter883,Hydrochlorothiazide,Unknown
DDInter1841,Tramadol,DDInter900,Ibuprofen,Unknown
DDInter1666,Sildenafil,DDInter900,Ibuprofen,Unknown
DDInter1874,Trimethoprim,DDInter900,Ibuprofen,Unknown
DDInter1091,Loratadine,DDInter900,Ibuprofen,Unknown
DDInter1242,Montelukast,DDInter900,Ibuprofen,Unknown
DDInter1366,Oxycodone,DDInter900,Ibuprofen,Unknown
DDInter1304,Nitroglycerin,DDInter900,Ibuprofen,Unknown
DDInter1736,Tadalafil,DDInter900,Ibuprofen,Unknown
DDInter989,Isosorbide dinitrate,DDInter900,Ibuprofen,Unknown
DDInter343,Cetirizine,DDInter133,Atorvastatin,Unknown
DDInter1091,Loratadine,DDInter133,Atorvastatin,Unknown
DDInter1242,Montelukast,DDInter133,Atorvastatin,Unknown
DDInter900,Ibuprofen,DDInter133,Atorvastatin,Unknown
DDInter1242,Montelukast,DDInter1662,Sertraline,Unknown
